model,15m-auc,15m-loss,all-auc,all-loss,auc,loss,of-level
autoint,0.79503,0.46898,0.79799,0.46825,0.8099,0.442,0
can,0.78814,0.45908,0.80556,0.44663,,,1
dcn,0.79469,0.4544,0.8003,0.45094,0.8099,0.442,1
dcnv2,0.79561,0.46851,0.80040,0.46748,0.8115,0.4406,0
dcnm,,,,,0.8112,0.4408,
deepfm,0.79512,0.4533,,,0.8099,0.442,
interhat,0.79251,0.49246,,,,,
