model,15m-auc,15m-loss,all-auc,all-loss
autoint,0.79503,0.46898,
can,0.78814,0.45908,0.79671,0.45412
dcn,0.79469,0.45440,0.80030,0.45094
dcnv2,0.79561,0.46851,0.79804,0.46875
deepfm,0.79512,0.45330,
interhat,0.79251,0.49246