model,15m-loss,15m-auc,all-loss,all-auc
autoint,0.79503,0.46898,
can,0.78814,0.45908,
dcn,0.79469,0.45440,
dcnv2,0.79561,0.46851,
deepfm,0.79512,0.45330,
interhat,0.79251,0.49246